<?xml version="1.0" encoding="utf-8" standalone="yes" ?>
<T3DataStructure>
    <meta>
        <langDisable>1</langDisable>
    </meta>
    <sheets>
        <sDEF>
            <ROOT>
                <TCEforms>
                    <sheetTitle>LLL:EXT:bootstrap_package/Resources/Private/Language/Backend.xlf:settings</sheetTitle>
                </TCEforms>
                <type>array</type>
                <el>
                    <default_element>
                        <TCEforms>
                            <label>LLL:EXT:bootstrap_package/Resources/Private/Language/Backend.xlf:accordion.default_element
                            </label>
                            <config>
                                <type>select</type>
                                <renderType>selectSingle</renderType>
                                <foreign_table>tx_bootstrappackage_accordion_item</foreign_table>
                                <foreign_table_where>AND tx_bootstrappackage_accordion_item.tt_content = ###THIS_UID###</foreign_table_where>
                                <items type="array">
                                    <numIndex index="0" type="array">
                                        <numIndex index="0">None</numIndex>
                                        <numIndex index="1">0</numIndex>
                                    </numIndex>
                                </items>
                            </config>
                        </TCEforms>
                    </default_element>
                </el>
            </ROOT>
        </sDEF>
    </sheets>
</T3DataStructure>
