<T3DataStructure>
	<meta>
		<langDisable>1</langDisable>
	</meta>
	<sheets>
		<main>
			<ROOT>
				<TCEforms>
					<sheetTitle>LLL:EXT:femanager/Resources/Private/Language/locallang_db.xlf:flexform.main.title</sheetTitle>
				</TCEforms>
				<type>array</type>
				<el>
					<switchableControllerActions>
						<TCEforms>
							<label>LLL:EXT:femanager/Resources/Private/Language/locallang_db.xlf:flexform.main.view</label>
							<onChange>reload</onChange>
							<config>
								<type>select</type>
								<renderType>selectSingle</renderType>
								<items type="array">
									<numIndex index="0" type="array">
										<numIndex index="0">LLL:EXT:femanager/Resources/Private/Language/locallang_db.xlf:pleaseChoose</numIndex>
										<numIndex index="1"></numIndex>
									</numIndex>
									<numIndex index="1" type="array">
										<numIndex index="0">LLL:EXT:femanager/Resources/Private/Language/locallang_db.xlf:flexform.main.view.0</numIndex>
										<numIndex index="1">New->new;New->create;New->createStatus;New->confirmCreateRequest;</numIndex>
									</numIndex>
									<numIndex index="2" type="array">
										<numIndex index="0">LLL:EXT:femanager/Resources/Private/Language/locallang_db.xlf:flexform.main.view.1</numIndex>
										<numIndex index="1">Edit->edit;Edit->update;Edit->delete;Edit->confirmUpdateRequest;User->imageDelete;</numIndex>
									</numIndex>
									<numIndex index="3" type="array">
										<numIndex index="0">LLL:EXT:femanager/Resources/Private/Language/locallang_db.xlf:flexform.main.view.2</numIndex>
										<numIndex index="1">User->list;User->show;</numIndex>
									</numIndex>
									<numIndex index="4" type="array">
										<numIndex index="0">LLL:EXT:femanager/Resources/Private/Language/locallang_db.xlf:flexform.main.view.3</numIndex>
										<numIndex index="1">User->show;</numIndex>
									</numIndex>
									<numIndex index="5" type="array">
										<numIndex index="0">LLL:EXT:femanager/Resources/Private/Language/locallang_db.xlf:flexform.main.view.4</numIndex>
										<numIndex index="1">Invitation->new;Invitation->create;Invitation->edit;Invitation->update;Invitation->delete;Invitation->status;</numIndex>
									</numIndex>
								</items>
								<maxitems>1</maxitems>
								<size>1</size>
							</config>
						</TCEforms>
					</switchableControllerActions>
				</el>
			</ROOT>
		</main>
		<new>
			<ROOT>
				<TCEforms>
					<sheetTitle>LLL:EXT:femanager/Resources/Private/Language/locallang_db.xlf:flexform.new.title</sheetTitle>
					<displayCond><![CDATA[FIELD:main.switchableControllerActions:=:New->new;New->create;New->createStatus;New->confirmCreateRequest;]]></displayCond>
				</TCEforms>
				<type>array</type>
				<el>
					<settings.new.fields>
						<TCEforms>
							<label>LLL:EXT:femanager/Resources/Private/Language/locallang_db.xlf:flexform.new.fields</label>
							<config>
								<type>select</type>
								<renderType>selectMultipleSideBySide</renderType>
								<items type="array">
									<numIndex index="0" type="array">
										<numIndex index="0">LLL:EXT:femanager/Resources/Private/Language/locallang_db.xlf:tx_femanager_domain_model_user.username</numIndex>
										<numIndex index="1">username</numIndex>
									</numIndex>
									<numIndex index="1" type="array">
										<numIndex index="0">LLL:EXT:femanager/Resources/Private/Language/locallang_db.xlf:tx_femanager_domain_model_user.password</numIndex>
										<numIndex index="1">password</numIndex>
									</numIndex>
									<numIndex index="2" type="array">
										<numIndex index="0">LLL:EXT:femanager/Resources/Private/Language/locallang_db.xlf:tx_femanager_domain_model_user.usergroup</numIndex>
										<numIndex index="1">usergroup</numIndex>
									</numIndex>
									<numIndex index="3" type="array">
										<numIndex index="0">LLL:EXT:femanager/Resources/Private/Language/locallang_db.xlf:tx_femanager_domain_model_user.name</numIndex>
										<numIndex index="1">name</numIndex>
									</numIndex>
									<numIndex index="4" type="array">
										<numIndex index="0">LLL:EXT:femanager/Resources/Private/Language/locallang_db.xlf:tx_femanager_domain_model_user.firstName</numIndex>
										<numIndex index="1">firstName</numIndex>
									</numIndex>
									<numIndex index="5" type="array">
										<numIndex index="0">LLL:EXT:femanager/Resources/Private/Language/locallang_db.xlf:tx_femanager_domain_model_user.middleName</numIndex>
										<numIndex index="1">middleName</numIndex>
									</numIndex>
									<numIndex index="6" type="array">
										<numIndex index="0">LLL:EXT:femanager/Resources/Private/Language/locallang_db.xlf:tx_femanager_domain_model_user.lastName</numIndex>
										<numIndex index="1">lastName</numIndex>
									</numIndex>
									<numIndex index="7" type="array">
										<numIndex index="0">LLL:EXT:femanager/Resources/Private/Language/locallang_db.xlf:tx_femanager_domain_model_user.address</numIndex>
										<numIndex index="1">address</numIndex>
									</numIndex>
									<numIndex index="8" type="array">
										<numIndex index="0">LLL:EXT:femanager/Resources/Private/Language/locallang_db.xlf:tx_femanager_domain_model_user.telephone</numIndex>
										<numIndex index="1">telephone</numIndex>
									</numIndex>
									<numIndex index="9" type="array">
										<numIndex index="0">LLL:EXT:femanager/Resources/Private/Language/locallang_db.xlf:tx_femanager_domain_model_user.fax</numIndex>
										<numIndex index="1">fax</numIndex>
									</numIndex>
									<numIndex index="10" type="array">
										<numIndex index="0">LLL:EXT:femanager/Resources/Private/Language/locallang_db.xlf:tx_femanager_domain_model_user.email</numIndex>
										<numIndex index="1">email</numIndex>
									</numIndex>
									<numIndex index="11" type="array">
										<numIndex index="0">LLL:EXT:femanager/Resources/Private/Language/locallang_db.xlf:tx_femanager_domain_model_user.title</numIndex>
										<numIndex index="1">title</numIndex>
									</numIndex>
									<numIndex index="12" type="array">
										<numIndex index="0">LLL:EXT:femanager/Resources/Private/Language/locallang_db.xlf:tx_femanager_domain_model_user.zip</numIndex>
										<numIndex index="1">zip</numIndex>
									</numIndex>
									<numIndex index="13" type="array">
										<numIndex index="0">LLL:EXT:femanager/Resources/Private/Language/locallang_db.xlf:tx_femanager_domain_model_user.city</numIndex>
										<numIndex index="1">city</numIndex>
									</numIndex>
									<numIndex index="14" type="array">
										<numIndex index="0">LLL:EXT:femanager/Resources/Private/Language/locallang_db.xlf:tx_femanager_domain_model_user.country</numIndex>
										<numIndex index="1">country</numIndex>
									</numIndex>
									<numIndex index="15" type="array">
										<numIndex index="0">LLL:EXT:femanager/Resources/Private/Language/locallang_db.xlf:tx_femanager_domain_model_user.www</numIndex>
										<numIndex index="1">www</numIndex>
									</numIndex>
									<numIndex index="16" type="array">
										<numIndex index="0">LLL:EXT:femanager/Resources/Private/Language/locallang_db.xlf:tx_femanager_domain_model_user.company</numIndex>
										<numIndex index="1">company</numIndex>
									</numIndex>
									<numIndex index="17" type="array">
										<numIndex index="0">LLL:EXT:femanager/Resources/Private/Language/locallang_db.xlf:tx_femanager_domain_model_user.image</numIndex>
										<numIndex index="1">image</numIndex>
									</numIndex>
									<numIndex index="18" type="array">
										<numIndex index="0">LLL:EXT:femanager/Resources/Private/Language/locallang_db.xlf:tx_femanager_domain_model_user.gender</numIndex>
										<numIndex index="1">gender</numIndex>
									</numIndex>
									<numIndex index="19" type="array">
										<numIndex index="0">LLL:EXT:femanager/Resources/Private/Language/locallang_db.xlf:tx_femanager_domain_model_user.dateOfBirth</numIndex>
										<numIndex index="1">dateOfBirth</numIndex>
									</numIndex>
									<numIndex index="20" type="array">
										<numIndex index="0">LLL:EXT:femanager/Resources/Private/Language/locallang_db.xlf:tx_femanager_domain_model_user.terms</numIndex>
										<numIndex index="1">terms</numIndex>
									</numIndex>
								</items>
								<maxitems>100</maxitems>
								<size>10</size>
								<autoSizeMax>20</autoSizeMax>
								<minitems>0</minitems>
								<allowNonIdValues>1</allowNonIdValues>
								<itemsProcFunc>In2code\Femanager\UserFunc\UserFieldsOptions->addOptions</itemsProcFunc>
								<itemsProcFuncTab>new</itemsProcFuncTab>
							</config>
						</TCEforms>
					</settings.new.fields>
					<settings.new.overrideUserGroup>
						<TCEforms>
							<label>LLL:EXT:femanager/Resources/Private/Language/locallang_db.xlf:flexform.new.overrideUserGroup</label>
							<config>
								<type>group</type>
								<internal_type>db</internal_type>
								<allowed>fe_groups</allowed>
								<size>3</size>
								<maxitems>50</maxitems>
								<minitems>0</minitems>
								<autoSizeMax>10</autoSizeMax>
							</config>
						</TCEforms>
					</settings.new.overrideUserGroup>
					<settings.new.confirmByUser>
						<TCEforms>
							<label>LLL:EXT:femanager/Resources/Private/Language/locallang_db.xlf:flexform.new.confirmByUser</label>
							<config>
								<type>check</type>
								<default>0</default>
							</config>
						</TCEforms>
					</settings.new.confirmByUser>
					<settings.new.confirmByAdmin>
						<TCEforms>
							<label>LLL:EXT:femanager/Resources/Private/Language/locallang_db.xlf:flexform.new.confirmByAdmin</label>
							<config>
								<type>text</type>
								<cols>32</cols>
								<rows>2</rows>
							</config>
						</TCEforms>
					</settings.new.confirmByAdmin>
					<settings.new.notifyAdmin>
						<TCEforms>
							<label>LLL:EXT:femanager/Resources/Private/Language/locallang_db.xlf:flexform.new.notifyAdmin</label>
							<config>
								<type>text</type>
								<cols>32</cols>
								<rows>2</rows>
							</config>
						</TCEforms>
					</settings.new.notifyAdmin>
				</el>
			</ROOT>
		</new>
		<edit>
			<ROOT>
				<TCEforms>
					<sheetTitle>LLL:EXT:femanager/Resources/Private/Language/locallang_db.xlf:flexform.edit.title</sheetTitle>
					<displayCond><![CDATA[FIELD:main.switchableControllerActions:=:Edit->edit;Edit->update;Edit->delete;Edit->confirmUpdateRequest;User->imageDelete;]]></displayCond>
				</TCEforms>
				<type>array</type>
				<el>
					<settings.edit.fields>
						<TCEforms>
							<label>LLL:EXT:femanager/Resources/Private/Language/locallang_db.xlf:flexform.edit.fields</label>
							<config>
								<type>select</type>
								<renderType>selectMultipleSideBySide</renderType>
								<items type="array">
									<numIndex index="0" type="array">
										<numIndex index="0">LLL:EXT:femanager/Resources/Private/Language/locallang_db.xlf:tx_femanager_domain_model_user.username</numIndex>
										<numIndex index="1">username</numIndex>
									</numIndex>
									<numIndex index="1" type="array">
										<numIndex index="0">LLL:EXT:femanager/Resources/Private/Language/locallang_db.xlf:tx_femanager_domain_model_user.password</numIndex>
										<numIndex index="1">password</numIndex>
									</numIndex>
									<numIndex index="2" type="array">
										<numIndex index="0">LLL:EXT:femanager/Resources/Private/Language/locallang_db.xlf:tx_femanager_domain_model_user.usergroup</numIndex>
										<numIndex index="1">usergroup</numIndex>
									</numIndex>
									<numIndex index="3" type="array">
										<numIndex index="0">LLL:EXT:femanager/Resources/Private/Language/locallang_db.xlf:tx_femanager_domain_model_user.name</numIndex>
										<numIndex index="1">name</numIndex>
									</numIndex>
									<numIndex index="4" type="array">
										<numIndex index="0">LLL:EXT:femanager/Resources/Private/Language/locallang_db.xlf:tx_femanager_domain_model_user.firstName</numIndex>
										<numIndex index="1">firstName</numIndex>
									</numIndex>
									<numIndex index="5" type="array">
										<numIndex index="0">LLL:EXT:femanager/Resources/Private/Language/locallang_db.xlf:tx_femanager_domain_model_user.middleName</numIndex>
										<numIndex index="1">middleName</numIndex>
									</numIndex>
									<numIndex index="6" type="array">
										<numIndex index="0">LLL:EXT:femanager/Resources/Private/Language/locallang_db.xlf:tx_femanager_domain_model_user.lastName</numIndex>
										<numIndex index="1">lastName</numIndex>
									</numIndex>
									<numIndex index="7" type="array">
										<numIndex index="0">LLL:EXT:femanager/Resources/Private/Language/locallang_db.xlf:tx_femanager_domain_model_user.address</numIndex>
										<numIndex index="1">address</numIndex>
									</numIndex>
									<numIndex index="8" type="array">
										<numIndex index="0">LLL:EXT:femanager/Resources/Private/Language/locallang_db.xlf:tx_femanager_domain_model_user.telephone</numIndex>
										<numIndex index="1">telephone</numIndex>
									</numIndex>
									<numIndex index="9" type="array">
										<numIndex index="0">LLL:EXT:femanager/Resources/Private/Language/locallang_db.xlf:tx_femanager_domain_model_user.fax</numIndex>
										<numIndex index="1">fax</numIndex>
									</numIndex>
									<numIndex index="10" type="array">
										<numIndex index="0">LLL:EXT:femanager/Resources/Private/Language/locallang_db.xlf:tx_femanager_domain_model_user.email</numIndex>
										<numIndex index="1">email</numIndex>
									</numIndex>
									<numIndex index="11" type="array">
										<numIndex index="0">LLL:EXT:femanager/Resources/Private/Language/locallang_db.xlf:tx_femanager_domain_model_user.title</numIndex>
										<numIndex index="1">title</numIndex>
									</numIndex>
									<numIndex index="12" type="array">
										<numIndex index="0">LLL:EXT:femanager/Resources/Private/Language/locallang_db.xlf:tx_femanager_domain_model_user.zip</numIndex>
										<numIndex index="1">zip</numIndex>
									</numIndex>
									<numIndex index="13" type="array">
										<numIndex index="0">LLL:EXT:femanager/Resources/Private/Language/locallang_db.xlf:tx_femanager_domain_model_user.city</numIndex>
										<numIndex index="1">city</numIndex>
									</numIndex>
									<numIndex index="14" type="array">
										<numIndex index="0">LLL:EXT:femanager/Resources/Private/Language/locallang_db.xlf:tx_femanager_domain_model_user.country</numIndex>
										<numIndex index="1">country</numIndex>
									</numIndex>
									<numIndex index="15" type="array">
										<numIndex index="0">LLL:EXT:femanager/Resources/Private/Language/locallang_db.xlf:tx_femanager_domain_model_user.www</numIndex>
										<numIndex index="1">www</numIndex>
									</numIndex>
									<numIndex index="16" type="array">
										<numIndex index="0">LLL:EXT:femanager/Resources/Private/Language/locallang_db.xlf:tx_femanager_domain_model_user.company</numIndex>
										<numIndex index="1">company</numIndex>
									</numIndex>
									<numIndex index="17" type="array">
										<numIndex index="0">LLL:EXT:femanager/Resources/Private/Language/locallang_db.xlf:tx_femanager_domain_model_user.image</numIndex>
										<numIndex index="1">image</numIndex>
									</numIndex>
									<numIndex index="18" type="array">
										<numIndex index="0">LLL:EXT:femanager/Resources/Private/Language/locallang_db.xlf:tx_femanager_domain_model_user.gender</numIndex>
										<numIndex index="1">gender</numIndex>
									</numIndex>
									<numIndex index="19" type="array">
										<numIndex index="0">LLL:EXT:femanager/Resources/Private/Language/locallang_db.xlf:tx_femanager_domain_model_user.dateOfBirth</numIndex>
										<numIndex index="1">dateOfBirth</numIndex>
									</numIndex>
								</items>
								<maxitems>100</maxitems>
								<size>10</size>
								<autoSizeMax>20</autoSizeMax>
								<minitems>0</minitems>
								<allowNonIdValues>1</allowNonIdValues>
								<itemsProcFunc>In2code\Femanager\UserFunc\UserFieldsOptions->addOptions</itemsProcFunc>
								<itemsProcFuncTab>edit</itemsProcFuncTab>
							</config>
						</TCEforms>
					</settings.edit.fields>
					<settings.edit.showDeleteLink>
						<TCEforms>
							<label>LLL:EXT:femanager/Resources/Private/Language/locallang_db.xlf:flexform.edit.showDeleteLink</label>
							<config>
								<type>check</type>
								<default>0</default>
							</config>
						</TCEforms>
					</settings.edit.showDeleteLink>
					<settings.edit.confirmByAdmin>
						<TCEforms>
							<label>LLL:EXT:femanager/Resources/Private/Language/locallang_db.xlf:flexform.edit.confirmByAdmin</label>
							<config>
								<type>text</type>
								<cols>32</cols>
								<rows>2</rows>
							</config>
						</TCEforms>
					</settings.edit.confirmByAdmin>
					<settings.edit.notifyAdmin>
						<TCEforms>
							<label>LLL:EXT:femanager/Resources/Private/Language/locallang_db.xlf:flexform.edit.notifyAdmin</label>
							<config>
								<type>text</type>
								<cols>32</cols>
								<rows>2</rows>
							</config>
						</TCEforms>
					</settings.edit.notifyAdmin>
				</el>
			</ROOT>
		</edit>
		<list>
			<ROOT>
				<TCEforms>
					<sheetTitle>LLL:EXT:femanager/Resources/Private/Language/locallang_db.xlf:flexform.list.title</sheetTitle>
					<displayCond><![CDATA[FIELD:main.switchableControllerActions:=:User->list;User->show;]]></displayCond>
				</TCEforms>
				<type>array</type>
				<el>
					<settings.list.filterActivate>
						<TCEforms>
							<label>LLL:EXT:femanager/Resources/Private/Language/locallang_db.xlf:flexform.list.filter</label>
							<config>
								<type>check</type>
								<default>0</default>
							</config>
						</TCEforms>
					</settings.list.filterActivate>
					<settings.list.limit>
						<TCEforms>
							<label>LLL:EXT:femanager/Resources/Private/Language/locallang_db.xlf:flexform.list.limit</label>
							<config>
								<type>input</type>
								<eval>trim,int</eval>
								<size>4</size>
							</config>
						</TCEforms>
					</settings.list.limit>
					<settings.list.orderby>
						<TCEforms>
							<label>LLL:EXT:femanager/Resources/Private/Language/locallang_db.xlf:flexform.list.orderby</label>
							<config>
								<type>select</type>
								<renderType>selectSingle</renderType>
								<items type="array">
									<numIndex index="0" type="array">
										<numIndex index="0">LLL:EXT:femanager/Resources/Private/Language/locallang_db.xlf:flexform.list.orderby.0</numIndex>
										<numIndex index="1">last_name</numIndex>
									</numIndex>
									<numIndex index="1" type="array">
										<numIndex index="0">LLL:EXT:femanager/Resources/Private/Language/locallang_db.xlf:flexform.list.orderby.1</numIndex>
										<numIndex index="1">first_name</numIndex>
									</numIndex>
									<numIndex index="2" type="array">
										<numIndex index="0">LLL:EXT:femanager/Resources/Private/Language/locallang_db.xlf:flexform.list.orderby.2</numIndex>
										<numIndex index="1">company</numIndex>
									</numIndex>
								</items>
								<maxitems>1</maxitems>
								<size>1</size>
							</config>
						</TCEforms>
					</settings.list.orderby>
					<settings.list.sorting>
						<TCEforms>
							<label>LLL:EXT:femanager/Resources/Private/Language/locallang_db.xlf:flexform.list.sorting</label>
							<config>
								<type>select</type>
								<renderType>selectSingle</renderType>
								<items type="array">
									<numIndex index="0" type="array">
										<numIndex index="0">LLL:EXT:femanager/Resources/Private/Language/locallang_db.xlf:flexform.list.sorting.0</numIndex>
										<numIndex index="1">asc</numIndex>
									</numIndex>
									<numIndex index="1" type="array">
										<numIndex index="0">LLL:EXT:femanager/Resources/Private/Language/locallang_db.xlf:flexform.list.sorting.1</numIndex>
										<numIndex index="1">desc</numIndex>
									</numIndex>
								</items>
								<maxitems>1</maxitems>
								<size>1</size>
							</config>
						</TCEforms>
					</settings.list.sorting>
					<settings.list.usergroup>
						<TCEforms>
							<label>LLL:EXT:femanager/Resources/Private/Language/locallang_db.xlf:flexform.list.usergroup</label>
							<config>
								<type>select</type>
								<renderType>selectMultipleSideBySide</renderType>
								<maxitems>100</maxitems>
								<size>4</size>
								<autoSizeMax>20</autoSizeMax>
								<minitems>0</minitems>
								<foreign_table>fe_groups</foreign_table>
								<foreign_table_where>AND fe_groups.deleted = 0 AND fe_groups.hidden = 0 order by fe_groups.title</foreign_table_where>
								<allowNonIdValues>1</allowNonIdValues>
							</config>
						</TCEforms>
					</settings.list.usergroup>
				</el>
			</ROOT>
		</list>
		<show>
			<ROOT>
				<TCEforms>
					<sheetTitle>LLL:EXT:femanager/Resources/Private/Language/locallang_db.xlf:flexform.show.title</sheetTitle>
					<displayCond><![CDATA[FIELD:main.switchableControllerActions:=:User->show;]]></displayCond>
				</TCEforms>
				<type>array</type>
				<el>
					<settings.show.user>
						<TCEforms>
							<label>LLL:EXT:femanager/Resources/Private/Language/locallang_db.xlf:flexform.show.user</label>
							<config>
								<type>select</type>
								<renderType>selectSingle</renderType>
								<items type="array">
									<numIndex index="0" type="array">
										<numIndex index="0">LLL:EXT:femanager/Resources/Private/Language/locallang_db.xlf:pleaseChoose</numIndex>
										<numIndex index="1"></numIndex>
									</numIndex>
									<numIndex index="1" type="array">
										<numIndex index="0">LLL:EXT:femanager/Resources/Private/Language/locallang_db.xlf:flexform.show.user.1</numIndex>
										<numIndex index="1">[this]</numIndex>
									</numIndex>
								</items>
								<maxitems>1</maxitems>
								<size>1</size>
								<minitems>0</minitems>
								<foreign_table>fe_users</foreign_table>
								<foreign_table_where>AND fe_users.deleted = 0 AND fe_users.disable = 0 order by fe_users.last_name</foreign_table_where>
								<allowNonIdValues>1</allowNonIdValues>
								<itemsProcFunc>In2code\Femanager\UserFunc\UserOptions->addOptions</itemsProcFunc>
							</config>
						</TCEforms>
					</settings.show.user>
				</el>
			</ROOT>
		</show>
		<invitation>
			<ROOT>
				<TCEforms>
					<sheetTitle>LLL:EXT:femanager/Resources/Private/Language/locallang_db.xlf:flexform.invitation.title</sheetTitle>
					<displayCond><![CDATA[FIELD:main.switchableControllerActions:=:Invitation->new;Invitation->create;Invitation->edit;Invitation->update;Invitation->delete;Invitation->status;]]></displayCond>
				</TCEforms>
				<type>array</type>
				<el>
					<settings.invitation.allowedUserGroups>
						<TCEforms>
							<label>LLL:EXT:femanager/Resources/Private/Language/locallang_db.xlf:flexform.invitation.allowedUserGroups</label>
							<config>
								<type>group</type>
								<internal_type>db</internal_type>
								<allowed>fe_groups</allowed>
								<size>3</size>
								<maxitems>50</maxitems>
								<minitems>0</minitems>
								<autoSizeMax>10</autoSizeMax>
							</config>
						</TCEforms>
					</settings.invitation.allowedUserGroups>
					<settings.invitation.fields>
						<TCEforms>
							<label>LLL:EXT:femanager/Resources/Private/Language/locallang_db.xlf:flexform.invitation.fields</label>
							<config>
								<type>select</type>
								<renderType>selectMultipleSideBySide</renderType>
								<items type="array">
									<numIndex index="0" type="array">
										<numIndex index="0">LLL:EXT:femanager/Resources/Private/Language/locallang_db.xlf:tx_femanager_domain_model_user.username</numIndex>
										<numIndex index="1">username</numIndex>
									</numIndex>
									<numIndex index="2" type="array">
										<numIndex index="0">LLL:EXT:femanager/Resources/Private/Language/locallang_db.xlf:tx_femanager_domain_model_user.usergroup</numIndex>
										<numIndex index="1">usergroup</numIndex>
									</numIndex>
									<numIndex index="3" type="array">
										<numIndex index="0">LLL:EXT:femanager/Resources/Private/Language/locallang_db.xlf:tx_femanager_domain_model_user.name</numIndex>
										<numIndex index="1">name</numIndex>
									</numIndex>
									<numIndex index="4" type="array">
										<numIndex index="0">LLL:EXT:femanager/Resources/Private/Language/locallang_db.xlf:tx_femanager_domain_model_user.firstName</numIndex>
										<numIndex index="1">firstName</numIndex>
									</numIndex>
									<numIndex index="5" type="array">
										<numIndex index="0">LLL:EXT:femanager/Resources/Private/Language/locallang_db.xlf:tx_femanager_domain_model_user.middleName</numIndex>
										<numIndex index="1">middleName</numIndex>
									</numIndex>
									<numIndex index="6" type="array">
										<numIndex index="0">LLL:EXT:femanager/Resources/Private/Language/locallang_db.xlf:tx_femanager_domain_model_user.lastName</numIndex>
										<numIndex index="1">lastName</numIndex>
									</numIndex>
									<numIndex index="7" type="array">
										<numIndex index="0">LLL:EXT:femanager/Resources/Private/Language/locallang_db.xlf:tx_femanager_domain_model_user.address</numIndex>
										<numIndex index="1">address</numIndex>
									</numIndex>
									<numIndex index="8" type="array">
										<numIndex index="0">LLL:EXT:femanager/Resources/Private/Language/locallang_db.xlf:tx_femanager_domain_model_user.telephone</numIndex>
										<numIndex index="1">telephone</numIndex>
									</numIndex>
									<numIndex index="9" type="array">
										<numIndex index="0">LLL:EXT:femanager/Resources/Private/Language/locallang_db.xlf:tx_femanager_domain_model_user.fax</numIndex>
										<numIndex index="1">fax</numIndex>
									</numIndex>
									<numIndex index="11" type="array">
										<numIndex index="0">LLL:EXT:femanager/Resources/Private/Language/locallang_db.xlf:tx_femanager_domain_model_user.title</numIndex>
										<numIndex index="1">title</numIndex>
									</numIndex>
									<numIndex index="12" type="array">
										<numIndex index="0">LLL:EXT:femanager/Resources/Private/Language/locallang_db.xlf:tx_femanager_domain_model_user.zip</numIndex>
										<numIndex index="1">zip</numIndex>
									</numIndex>
									<numIndex index="13" type="array">
										<numIndex index="0">LLL:EXT:femanager/Resources/Private/Language/locallang_db.xlf:tx_femanager_domain_model_user.city</numIndex>
										<numIndex index="1">city</numIndex>
									</numIndex>
									<numIndex index="14" type="array">
										<numIndex index="0">LLL:EXT:femanager/Resources/Private/Language/locallang_db.xlf:tx_femanager_domain_model_user.country</numIndex>
										<numIndex index="1">country</numIndex>
									</numIndex>
									<numIndex index="15" type="array">
										<numIndex index="0">LLL:EXT:femanager/Resources/Private/Language/locallang_db.xlf:tx_femanager_domain_model_user.www</numIndex>
										<numIndex index="1">www</numIndex>
									</numIndex>
									<numIndex index="16" type="array">
										<numIndex index="0">LLL:EXT:femanager/Resources/Private/Language/locallang_db.xlf:tx_femanager_domain_model_user.company</numIndex>
										<numIndex index="1">company</numIndex>
									</numIndex>
									<numIndex index="17" type="array">
										<numIndex index="0">LLL:EXT:femanager/Resources/Private/Language/locallang_db.xlf:tx_femanager_domain_model_user.image</numIndex>
										<numIndex index="1">image</numIndex>
									</numIndex>
									<numIndex index="18" type="array">
										<numIndex index="0">LLL:EXT:femanager/Resources/Private/Language/locallang_db.xlf:tx_femanager_domain_model_user.gender</numIndex>
										<numIndex index="1">gender</numIndex>
									</numIndex>
									<numIndex index="19" type="array">
										<numIndex index="0">LLL:EXT:femanager/Resources/Private/Language/locallang_db.xlf:tx_femanager_domain_model_user.dateOfBirth</numIndex>
										<numIndex index="1">dateOfBirth</numIndex>
									</numIndex>
								</items>
								<maxitems>100</maxitems>
								<size>10</size>
								<autoSizeMax>20</autoSizeMax>
								<minitems>0</minitems>
								<allowNonIdValues>1</allowNonIdValues>
								<itemsProcFunc>In2code\Femanager\UserFunc\UserFieldsOptions->addOptions</itemsProcFunc>
								<itemsProcFuncTab>new</itemsProcFuncTab>
							</config>
						</TCEforms>
					</settings.invitation.fields>
					<settings.invitation.overrideUserGroup>
						<TCEforms>
							<label>LLL:EXT:femanager/Resources/Private/Language/locallang_db.xlf:flexform.invitation.overrideUserGroup</label>
							<config>
								<type>group</type>
								<internal_type>db</internal_type>
								<allowed>fe_groups</allowed>
								<size>3</size>
								<maxitems>50</maxitems>
								<minitems>0</minitems>
								<autoSizeMax>10</autoSizeMax>
							</config>
						</TCEforms>
					</settings.invitation.overrideUserGroup>
					<settings.invitation.notifyAdminStep1>
						<TCEforms>
							<label>LLL:EXT:femanager/Resources/Private/Language/locallang_db.xlf:flexform.invitation.notifyAdminStep1</label>
							<config>
								<type>text</type>
								<cols>32</cols>
								<rows>2</rows>
							</config>
						</TCEforms>
					</settings.invitation.notifyAdminStep1>
					<settings.invitation.notifyAdmin>
						<TCEforms>
							<label>LLL:EXT:femanager/Resources/Private/Language/locallang_db.xlf:flexform.invitation.notifyAdmin</label>
							<config>
								<type>text</type>
								<cols>32</cols>
								<rows>2</rows>
							</config>
						</TCEforms>
					</settings.invitation.notifyAdmin>
				</el>
			</ROOT>
		</invitation>
		<misc>
			<ROOT>
				<TCEforms>
					<sheetTitle>LLL:EXT:femanager/Resources/Private/Language/locallang_db.xlf:flexform.misc.title</sheetTitle>
					<displayCond>
						<OR>
							<numIndex index="0"><![CDATA[FIELD:main.switchableControllerActions:=:New->new;New->create;New->createStatus;New->confirmCreateRequest;]]></numIndex>
							<numIndex index="1"><![CDATA[FIELD:main.switchableControllerActions:=:Invitation->new;Invitation->create;Invitation->edit;Invitation->update;Invitation->delete;Invitation->status;]]></numIndex>
						</OR>
					</displayCond>
				</TCEforms>
				<type>array</type>
				<el>
					<settings.misc.termsUrl>
						<TCEforms>
							<label>LLL:EXT:femanager/Resources/Private/Language/locallang_db.xlf:flexform.misc.termsUrl</label>
							<config>
								<type>group</type>
								<internal_type>db</internal_type>
								<allowed>pages</allowed>
								<size>1</size>
								<maxitems>1</maxitems>
								<minitems>0</minitems>
							</config>
						</TCEforms>
					</settings.misc.termsUrl>
				</el>
			</ROOT>
		</misc>
	</sheets>
</T3DataStructure>
